Workbook

Sheet Sheet1
B1: (CR)2025 | C1: (CR)2024 | D1: (CR)2023 | E1: (CR)2022 | F1: (CR)2021 | G1: (CR)2020 | H1: (CR)2019 | I1: (CR)2018 | J1: (CR)2017 | K1: (CR)2016 | L1: (CR)2015 | M1: (CR)2014 | N1: (CR)2013
A2: Adani Ports and Special Economic Zone Ltd | B2: 0.9 | C2: 1.06 | D2: 1.35 | E2: 1.6 | F2: 1.78 | G2: 1.93 | H2: 1.41 | I2: 3.56 | J2: 1.82 | K2: 0.89 | L2: 1.25 | M2: 2.2 | N2: 1.69
A3: Asian Paints Ltd | B3: 2.09 | C3: 2.06 | D3: 2.09 | E3: 2 | F3: 2.03 | G3: 1.73 | H3: 1.47 | I3: 1.55 | J3: 1.79 | K3: 1.82 | L3: 1.52 | M3: 1.48 | N3: 1.37
A4: AXIS Bank Ltd | B4: 1.124 | C4: 1.113 | D4: 1.102 | E4: 1.105 | F4: 1.109 | G4: 1.097 | H4: 1.085 | I4: 1.094 | J4: 1.095 | K4: 1.104 | L4: 1.101 | M4: 1.103 | N4: 1.137
A5: Bajaj Finserv Ltd | B5: 1.24 | C5: 2.1 | D5: 2.06 | E5: 2.04 | F5: 1.95 | G5: 1.92 | H5: 1.87 | I5: 2.46 | J5: 1.16 | K5: 1.36 | L5: 1.02 | M5: 0.87 | N5: 0.88
A6: Bajaj Finance Ltd | B6: 1.26 | C6: 1.24 | D6: 1.23 | E6: 1.25 | F6: 1.26 | G6: 1.23 | H6: 1.18 | I6: 1.66 | J6: 1.55 | K6: 1.57 | L6: 1.48 | M6: 1.03 | N6: 1.16
A7: Bharat Electronics Ltd | B7: 1.76 | C7: 1.55 | D7: 1.46 | E7: 1.39 | F7: 1.41 | G7: 1.46 | H7: 1.52 | I7: 1.45 | J7: 1.61 | K7: 1.87 | L7: 2.01 | M7: 1.86 | N7: 1.72
A8: Bharti Airtel Ltd | B8: 0.37 | C8: 0.42 | D8: 0.47 | E8: 0.46 | F8: 0.49 | G8: 0.58 | H8: 0.35 | I8: 0.43 | J8: 0.29 | K8: 0.39 | L8: 0.33 | M8: 0.39 | N8: 0.45
A9: HCL Technologies Ltd | B9: 2.22 | C9: 2.61 | D9: 2.5 | E9: 2.56 | F9: 2.48 | G9: 1.62 | H9: 2.42 | I9: 2.43 | J9: 2.33 | K9: 2.54 | L9: 2.32 | M9: 2.09 | N9: 1.69
A10: HDFC Bank Ltd | B10: 1.04 | C10: 1.09 | D10: 0.92 | E10: 0.92 | F10: 0.9 | G10: 0.9 | H10: 0.96 | I10: 0.96 | J10: 0.91 | K10: 0.88 | L10: 0.89 | M10: 0.93 | N10: 0.86
A11: Hindustan Unilever Ltd | B11: 1.33 | C11: 1.66 | D11: 1.41 | E11: 1.38 | F11: 1.28 | G11: 1.32 | H11: 1.37 | I11: 1.31 | J11: 1.32 | K11: 1.46 | L11: 1.08 | M11: 1.05 | N11: 1.01
A12: ICICI Bank Ltd | B12: 1 | C12: 0.99 | D12: 1.01 | E12: 1.01 | F12: 0.98 | G12: 1.04 | H12: 1.08 | I12: 1.12 | J12: 1.16 | K12: 1.24 | L12: 1.26 | M12: 1.21 | N12: 1.21
A13: Infosys Ltd | B13: 2.27 | C13: 2.31 | D13: 1.81 | E13: 2 | F13: 2.54 | G13: 2.62 | H13: 2.84 | I13: 3.55 | J13: 3.83 | K13: 3.91 | L13: 3.05 | M13: 3.58 | N13: 4.36
... A30: UltraTech Cement Ltd | B30: 0.73 | C30: 0.86 | D30: 0.89 | E30: 0.87 | F30: 1.17 | G30: 0.89 | H30: 0.83 | I30: 1 | J30: 1.6 | K30: 0.91 | L30: 0.8 | M30: 1.45 | N30: 1.17
A34: max deviation | B34: 3.53

Sheet Deviation
B1: (CR)2025 | C1: (CR)2024 | D1: (CR)2023 | E1: (CR)2022 | F1: (CR)2021 | G1: (CR)2020 | H1: (CR)2019 | I1: (CR)2018 | J1: (CR)2017 | K1: (CR)2016 | L1: (CR)2015 | M1: (CR)2014 | N1: (CR)2013
A2: Adani Ports and Special Economic Zone Ltd | B2: =ABS(Sheet1!B2 - 2) -> 1.1 | C2: =ABS(Sheet1!C2 - 2) -> 0.94 | D2: =ABS(Sheet1!D2 - 2) -> 0.65 | E2: =ABS(Sheet1!E2 - 2) -> 0.4 | F2: =ABS(Sheet1!F2 - 2) -> 0.22 | G2: =ABS(Sheet1!G2 - 2) -> 0.07 | H2: =ABS(Sheet1!H2 - 2) -> 0.59 | I2: =ABS(Sheet1!I2 - 2) -> 1.56 | ... N2: =ABS(Sheet1!N2 - 2) -> 0.31
A3: Asian Paints Ltd | B3: =ABS(Sheet1!B3 - 2) -> 0.09 | C3: =ABS(Sheet1!C3 - 2) -> 0.06 | D3: =ABS(Sheet1!D3 - 2) -> 0.09 | E3: =ABS(Sheet1!E3 - 2) -> 0 | F3: =ABS(Sheet1!F3 - 2) -> 0.03 | G3: =ABS(Sheet1!G3 - 2) -> 0.27 | H3: =ABS(Sheet1!H3 - 2) -> 0.53 | I3: =ABS(Sheet1!I3 - 2) -> 0.45 | ... N3: =ABS(Sheet1!N3 - 2) -> 0.63
A4: AXIS Bank Ltd | B4: =ABS(Sheet1!B4 - 2) -> 0.876 | C4: =ABS(Sheet1!C4 - 2) -> 0.887 | D4: =ABS(Sheet1!D4 - 2) -> 0.898 | E4: =ABS(Sheet1!E4 - 2) -> 0.895 | F4: =ABS(Sheet1!F4 - 2) -> 0.891 | G4: =ABS(Sheet1!G4 - 2) -> 0.903 | H4: =ABS(Sheet1!H4 - 2) -> 0.915 | I4: =ABS(Sheet1!I4 - 2) -> 0.906 | ... N4: =ABS(Sheet1!N4 - 2) -> 0.863
A5: Bajaj Finserv Ltd | B5: =ABS(Sheet1!B5 - 2) -> 0.76 | C5: =ABS(Sheet1!C5 - 2) -> 0.1 | D5: =ABS(Sheet1!D5 - 2) -> 0.06 | E5: =ABS(Sheet1!E5 - 2) -> 0.04 | F5: =ABS(Sheet1!F5 - 2) -> 0.05 | G5: =ABS(Sheet1!G5 - 2) -> 0.08 | H5: =ABS(Sheet1!H5 - 2) -> 0.13 | I5: =ABS(Sheet1!I5 - 2) -> 0.46 | ... N5: =ABS(Sheet1!N5 - 2) -> 1.12
A6: Bajaj Finance Ltd | B6: =ABS(Sheet1!B6 - 2) -> 0.74 | C6: =ABS(Sheet1!C6 - 2) -> 0.76 | D6: =ABS(Sheet1!D6 - 2) -> 0.77 | E6: =ABS(Sheet1!E6 - 2) -> 0.75 | F6: =ABS(Sheet1!F6 - 2) -> 0.74 | G6: =ABS(Sheet1!G6 - 2) -> 0.77 | H6: =ABS(Sheet1!H6 - 2) -> 0.82 | I6: =ABS(Sheet1!I6 - 2) -> 0.34 | ... N6: =ABS(Sheet1!N6 - 2) -> 0.84
A7: Bharat Electronics Ltd | B7: =ABS(Sheet1!B7 - 2) -> 0.24 | C7: =ABS(Sheet1!C7 - 2) -> 0.45 | D7: =ABS(Sheet1!D7 - 2) -> 0.54 | E7: =ABS(Sheet1!E7 - 2) -> 0.61 | F7: =ABS(Sheet1!F7 - 2) -> 0.59 | G7: =ABS(Sheet1!G7 - 2) -> 0.54 | H7: =ABS(Sheet1!H7 - 2) -> 0.48 | I7: =ABS(Sheet1!I7 - 2) -> 0.55 | ... N7: =ABS(Sheet1!N7 - 2) -> 0.28
A8: Bharti Airtel Ltd | B8: =ABS(Sheet1!B8 - 2) -> 1.63 | C8: =ABS(Sheet1!C8 - 2) -> 1.58 | D8: =ABS(Sheet1!D8 - 2) -> 1.53 | E8: =ABS(Sheet1!E8 - 2) -> 1.54 | F8: =ABS(Sheet1!F8 - 2) -> 1.51 | G8: =ABS(Sheet1!G8 - 2) -> 1.42 | H8: =ABS(Sheet1!H8 - 2) -> 1.65 | I8: =ABS(Sheet1!I8 - 2) -> 1.57 | ... N8: =ABS(Sheet1!N8 - 2) -> 1.55
A9: HCL Technologies Ltd | B9: =ABS(Sheet1!B9 - 2) -> 0.22 | C9: =ABS(Sheet1!C9 - 2) -> 0.61 | D9: =ABS(Sheet1!D9 - 2) -> 0.5 | E9: =ABS(Sheet1!E9 - 2) -> 0.56 | F9: =ABS(Sheet1!F9 - 2) -> 0.48 | G9: =ABS(Sheet1!G9 - 2) -> 0.38 | H9: =ABS(Sheet1!H9 - 2) -> 0.42 | I9: =ABS(Sheet1!I9 - 2) -> 0.43 | ... N9: =ABS(Sheet1!N9 - 2) -> 0.31
A10: HDFC Bank Ltd | B10: =ABS(Sheet1!B10 - 2) -> 0.96 | C10: =ABS(Sheet1!C10 - 2) -> 0.91 | D10: =ABS(Sheet1!D10 - 2) -> 1.08 | E10: =ABS(Sheet1!E10 - 2) -> 1.08 | F10: =ABS(Sheet1!F10 - 2) -> 1.1 | G10: =ABS(Sheet1!G10 - 2) -> 1.1 | H10: =ABS(Sheet1!H10 - 2) -> 1.04 | I10: =ABS(Sheet1!I10 - 2) -> 1.04 | ... N10: =ABS(Sheet1!N10 - 2) -> 1.14
A11: Hindustan Unilever Ltd | B11: =ABS(Sheet1!B11 - 2) -> 0.67 | C11: =ABS(Sheet1!C11 - 2) -> 0.34 | D11: =ABS(Sheet1!D11 - 2) -> 0.59 | E11: =ABS(Sheet1!E11 - 2) -> 0.62 | F11: =ABS(Sheet1!F11 - 2) -> 0.72 | G11: =ABS(Sheet1!G11 - 2) -> 0.68 | H11: =ABS(Sheet1!H11 - 2) -> 0.63 | I11: =ABS(Sheet1!I11 - 2) -> 0.69 | ... N11: =ABS(Sheet1!N11 - 2) -> 0.99
A12: ICICI Bank Ltd | B12: =ABS(Sheet1!B12 - 2) -> 1 | C12: =ABS(Sheet1!C12 - 2) -> 1.01 | D12: =ABS(Sheet1!D12 - 2) -> 0.99 | E12: =ABS(Sheet1!E12 - 2) -> 0.99 | F12: =ABS(Sheet1!F12 - 2) -> 1.02 | G12: =ABS(Sheet1!G12 - 2) -> 0.96 | H12: =ABS(Sheet1!H12 - 2) -> 0.92 | I12: =ABS(Sheet1!I12 - 2) -> 0.88 | ... N12: =ABS(Sheet1!N12 - 2) -> 0.79
A13: Infosys Ltd | B13: =ABS(Sheet1!B13 - 2) -> 0.27 | C13: =ABS(Sheet1!C13 - 2) -> 0.31 | D13: =ABS(Sheet1!D13 - 2) -> 0.19 | E13: =ABS(Sheet1!E13 - 2) -> 0 | F13: =ABS(Sheet1!F13 - 2) -> 0.54 | G13: =ABS(Sheet1!G13 - 2) -> 0.62 | H13: =ABS(Sheet1!H13 - 2) -> 0.84 | I13: =ABS(Sheet1!I13 - 2) -> 1.55 | ... N13: =ABS(Sheet1!N13 - 2) -> 2.36
... A30: UltraTech Cement Ltd | B30: =ABS(Sheet1!B30 - 2) -> 1.27 | C30: =ABS(Sheet1!C30 - 2) -> 1.14 | D30: =ABS(Sheet1!D30 - 2) -> 1.11 | E30: =ABS(Sheet1!E30 - 2) -> 1.13 | F30: =ABS(Sheet1!F30 - 2) -> 0.83 | G30: =ABS(Sheet1!G30 - 2) -> 1.11 | H30: =ABS(Sheet1!H30 - 2) -> 1.17 | I30: =ABS(Sheet1!I30 - 2) -> 1 | ... N30: =ABS(Sheet1!N30 - 2) -> 0.83
A33: max deviation | B33: =MAX(B2:N30) -> 3.53

Sheet Normalization
B1: (CR)2025 | C1: (CR)2024 | D1: (CR)2023 | E1: (CR)2022 | F1: (CR)2021 | G1: (CR)2020 | H1: (CR)2019 | I1: (CR)2018 | J1: (CR)2017 | K1: (CR)2016 | L1: (CR)2015 | M1: (CR)2014 | N1: (CR)2013
A2: Adani Ports and Special Economic Zone Ltd | B2: =1 - (ABS(Sheet1!B2 - 2) / Sheet1!$B$34) -> 0.68838527 | C2: =1 - (ABS(Sheet1!C2 - 2) / Sheet1!$B$34) -> 0.73371105 | D2: =1 - (ABS(Sheet1!D2 - 2) / Sheet1!$B$34) -> 0.81586402 | E2: =1 - (ABS(Sheet1!E2 - 2) / Sheet1!$B$34) -> 0.88668555 | F2: =1 - (ABS(Sheet1!F2 - 2) / Sheet1!$B$34) -> 0.93767705 | G2: =1 - (ABS(Sheet1!G2 - 2) / Sheet1!$B$34) -> 0.98016997 | H2: =1 - (ABS(Sheet1!H2 - 2) / Sheet1!$B$34) -> 0.83286119 | I2: =1 - (ABS(Sheet1!I2 - 2) / Sheet1!$B$34) -> 0.55807365 | ... N2: =1 - (ABS(Sheet1!N2 - 2) / Sheet1!$B$34) -> 0.9121813
A3: Asian Paints Ltd | B3: =1 - (ABS(Sheet1!B3 - 2) / Sheet1!$B$34) -> 0.97450425 | C3: =1 - (ABS(Sheet1!C3 - 2) / Sheet1!$B$34) -> 0.98300283 | D3: =1 - (ABS(Sheet1!D3 - 2) / Sheet1!$B$34) -> 0.97450425 | E3: =1 - (ABS(Sheet1!E3 - 2) / Sheet1!$B$34) -> 1 | F3: =1 - (ABS(Sheet1!F3 - 2) / Sheet1!$B$34) -> 0.99150142 | G3: =1 - (ABS(Sheet1!G3 - 2) / Sheet1!$B$34) -> 0.92351275 | H3: =1 - (ABS(Sheet1!H3 - 2) / Sheet1!$B$34) -> 0.84985836 | I3: =1 - (ABS(Sheet1!I3 - 2) / Sheet1!$B$34) -> 0.87252125 | ... N3: =1 - (ABS(Sheet1!N3 - 2) / Sheet1!$B$34) -> 0.82152974
A4: AXIS Bank Ltd | B4: =1 - (ABS(Sheet1!B4 - 2) / Sheet1!$B$34) -> 0.75184136 | C4: =1 - (ABS(Sheet1!C4 - 2) / Sheet1!$B$34) -> 0.74872521 | D4: =1 - (ABS(Sheet1!D4 - 2) / Sheet1!$B$34) -> 0.74560907 | E4: =1 - (ABS(Sheet1!E4 - 2) / Sheet1!$B$34) -> 0.74645892 | F4: =1 - (ABS(Sheet1!F4 - 2) / Sheet1!$B$34) -> 0.74759207 | G4: =1 - (ABS(Sheet1!G4 - 2) / Sheet1!$B$34) -> 0.74419263 | H4: =1 - (ABS(Sheet1!H4 - 2) / Sheet1!$B$34) -> 0.7407932 | I4: =1 - (ABS(Sheet1!I4 - 2) / Sheet1!$B$34) -> 0.74334278 | ... N4: =1 - (ABS(Sheet1!N4 - 2) / Sheet1!$B$34) -> 0.75552408
A5: Bajaj Finserv Ltd | B5: =1 - (ABS(Sheet1!B5 - 2) / Sheet1!$B$34) -> 0.78470255 | C5: =1 - (ABS(Sheet1!C5 - 2) / Sheet1!$B$34) -> 0.97167139 | D5: =1 - (ABS(Sheet1!D5 - 2) / Sheet1!$B$34) -> 0.98300283 | E5: =1 - (ABS(Sheet1!E5 - 2) / Sheet1!$B$34) -> 0.98866856 | F5: =1 - (ABS(Sheet1!F5 - 2) / Sheet1!$B$34) -> 0.98583569 | G5: =1 - (ABS(Sheet1!G5 - 2) / Sheet1!$B$34) -> 0.97733711 | H5: =1 - (ABS(Sheet1!H5 - 2) / Sheet1!$B$34) -> 0.9631728 | I5: =1 - (ABS(Sheet1!I5 - 2) / Sheet1!$B$34) -> 0.86968839 | ... N5: =1 - (ABS(Sheet1!N5 - 2) / Sheet1!$B$34) -> 0.68271955
A6: Bajaj Finance Ltd | B6: =1 - (ABS(Sheet1!B6 - 2) / Sheet1!$B$34) -> 0.79036827 | C6: =1 - (ABS(Sheet1!C6 - 2) / Sheet1!$B$34) -> 0.78470255 | D6: =1 - (ABS(Sheet1!D6 - 2) / Sheet1!$B$34) -> 0.78186969 | E6: =1 - (ABS(Sheet1!E6 - 2) / Sheet1!$B$34) -> 0.78753541 | F6: =1 - (ABS(Sheet1!F6 - 2) / Sheet1!$B$34) -> 0.79036827 | G6: =1 - (ABS(Sheet1!G6 - 2) / Sheet1!$B$34) -> 0.78186969 | H6: =1 - (ABS(Sheet1!H6 - 2) / Sheet1!$B$34) -> 0.76770538 | I6: =1 - (ABS(Sheet1!I6 - 2) / Sheet1!$B$34) -> 0.90368272 | ... N6: =1 - (ABS(Sheet1!N6 - 2) / Sheet1!$B$34) -> 0.76203966
A7: Bharat Electronics Ltd | B7: =1 - (ABS(Sheet1!B7 - 2) / Sheet1!$B$34) -> 0.93201133 | C7: =1 - (ABS(Sheet1!C7 - 2) / Sheet1!$B$34) -> 0.87252125 | D7: =1 - (ABS(Sheet1!D7 - 2) / Sheet1!$B$34) -> 0.8470255 | E7: =1 - (ABS(Sheet1!E7 - 2) / Sheet1!$B$34) -> 0.82719547 | F7: =1 - (ABS(Sheet1!F7 - 2) / Sheet1!$B$34) -> 0.83286119 | G7: =1 - (ABS(Sheet1!G7 - 2) / Sheet1!$B$34) -> 0.8470255 | H7: =1 - (ABS(Sheet1!H7 - 2) / Sheet1!$B$34) -> 0.86402266 | I7: =1 - (ABS(Sheet1!I7 - 2) / Sheet1!$B$34) -> 0.84419263 | ... N7: =1 - (ABS(Sheet1!N7 - 2) / Sheet1!$B$34) -> 0.92067989
A8: Bharti Airtel Ltd | B8: =1 - (ABS(Sheet1!B8 - 2) / Sheet1!$B$34) -> 0.53824363 | C8: =1 - (ABS(Sheet1!C8 - 2) / Sheet1!$B$34) -> 0.55240793 | D8: =1 - (ABS(Sheet1!D8 - 2) / Sheet1!$B$34) -> 0.56657224 | E8: =1 - (ABS(Sheet1!E8 - 2) / Sheet1!$B$34) -> 0.56373938 | F8: =1 - (ABS(Sheet1!F8 - 2) / Sheet1!$B$34) -> 0.57223796 | G8: =1 - (ABS(Sheet1!G8 - 2) / Sheet1!$B$34) -> 0.59773371 | H8: =1 - (ABS(Sheet1!H8 - 2) / Sheet1!$B$34) -> 0.5325779 | I8: =1 - (ABS(Sheet1!I8 - 2) / Sheet1!$B$34) -> 0.55524079 | ... N8: =1 - (ABS(Sheet1!N8 - 2) / Sheet1!$B$34) -> 0.56090652
A9: HCL Technologies Ltd | B9: =1 - (ABS(Sheet1!B9 - 2) / Sheet1!$B$34) -> 0.93767705 | C9: =1 - (ABS(Sheet1!C9 - 2) / Sheet1!$B$34) -> 0.82719547 | D9: =1 - (ABS(Sheet1!D9 - 2) / Sheet1!$B$34) -> 0.85835694 | E9: =1 - (ABS(Sheet1!E9 - 2) / Sheet1!$B$34) -> 0.84135977 | F9: =1 - (ABS(Sheet1!F9 - 2) / Sheet1!$B$34) -> 0.86402266 | G9: =1 - (ABS(Sheet1!G9 - 2) / Sheet1!$B$34) -> 0.89235127 | H9: =1 - (ABS(Sheet1!H9 - 2) / Sheet1!$B$34) -> 0.88101983 | I9: =1 - (ABS(Sheet1!I9 - 2) / Sheet1!$B$34) -> 0.87818697 | ... N9: =1 - (ABS(Sheet1!N9 - 2) / Sheet1!$B$34) -> 0.9121813
A10: HDFC Bank Ltd | B10: =1 - (ABS(Sheet1!B10 - 2) / Sheet1!$B$34) -> 0.72804533 | C10: =1 - (ABS(Sheet1!C10 - 2) / Sheet1!$B$34) -> 0.74220963 | D10: =1 - (ABS(Sheet1!D10 - 2) / Sheet1!$B$34) -> 0.69405099 | E10: =1 - (ABS(Sheet1!E10 - 2) / Sheet1!$B$34) -> 0.69405099 | F10: =1 - (ABS(Sheet1!F10 - 2) / Sheet1!$B$34) -> 0.68838527 | G10: =1 - (ABS(Sheet1!G10 - 2) / Sheet1!$B$34) -> 0.68838527 | H10: =1 - (ABS(Sheet1!H10 - 2) / Sheet1!$B$34) -> 0.70538244 | I10: =1 - (ABS(Sheet1!I10 - 2) / Sheet1!$B$34) -> 0.70538244 | ... N10: =1 - (ABS(Sheet1!N10 - 2) / Sheet1!$B$34) -> 0.67705382
A11: Hindustan Unilever Ltd | B11: =1 - (ABS(Sheet1!B11 - 2) / Sheet1!$B$34) -> 0.8101983 | C11: =1 - (ABS(Sheet1!C11 - 2) / Sheet1!$B$34) -> 0.90368272 | D11: =1 - (ABS(Sheet1!D11 - 2) / Sheet1!$B$34) -> 0.83286119 | E11: =1 - (ABS(Sheet1!E11 - 2) / Sheet1!$B$34) -> 0.82436261 | F11: =1 - (ABS(Sheet1!F11 - 2) / Sheet1!$B$34) -> 0.79603399 | G11: =1 - (ABS(Sheet1!G11 - 2) / Sheet1!$B$34) -> 0.80736544 | H11: =1 - (ABS(Sheet1!H11 - 2) / Sheet1!$B$34) -> 0.82152974 | I11: =1 - (ABS(Sheet1!I11 - 2) / Sheet1!$B$34) -> 0.80453258 | ... N11: =1 - (ABS(Sheet1!N11 - 2) / Sheet1!$B$34) -> 0.71954674
A12: ICICI Bank Ltd | B12: =1 - (ABS(Sheet1!B12 - 2) / Sheet1!$B$34) -> 0.71671388 | C12: =1 - (ABS(Sheet1!C12 - 2) / Sheet1!$B$34) -> 0.71388102 | D12: =1 - (ABS(Sheet1!D12 - 2) / Sheet1!$B$34) -> 0.71954674 | E12: =1 - (ABS(Sheet1!E12 - 2) / Sheet1!$B$34) -> 0.71954674 | F12: =1 - (ABS(Sheet1!F12 - 2) / Sheet1!$B$34) -> 0.71104816 | G12: =1 - (ABS(Sheet1!G12 - 2) / Sheet1!$B$34) -> 0.72804533 | H12: =1 - (ABS(Sheet1!H12 - 2) / Sheet1!$B$34) -> 0.73937677 | I12: =1 - (ABS(Sheet1!I12 - 2) / Sheet1!$B$34) -> 0.75070822 | ... N12: =1 - (ABS(Sheet1!N12 - 2) / Sheet1!$B$34) -> 0.77620397
A13: Infosys Ltd | B13: =1 - (ABS(Sheet1!B13 - 2) / Sheet1!$B$34) -> 0.92351275 | C13: =1 - (ABS(Sheet1!C13 - 2) / Sheet1!$B$34) -> 0.9121813 | D13: =1 - (ABS(Sheet1!D13 - 2) / Sheet1!$B$34) -> 0.94617564 | E13: =1 - (ABS(Sheet1!E13 - 2) / Sheet1!$B$34) -> 1 | F13: =1 - (ABS(Sheet1!F13 - 2) / Sheet1!$B$34) -> 0.8470255 | G13: =1 - (ABS(Sheet1!G13 - 2) / Sheet1!$B$34) -> 0.82436261 | H13: =1 - (ABS(Sheet1!H13 - 2) / Sheet1!$B$34) -> 0.76203966 | I13: =1 - (ABS(Sheet1!I13 - 2) / Sheet1!$B$34) -> 0.56090652 | ... N13: =1 - (ABS(Sheet1!N13 - 2) / Sheet1!$B$34) -> 0.33144476
... A30: UltraTech Cement Ltd | B30: =1 - (ABS(Sheet1!B30 - 2) / Sheet1!$B$34) -> 0.64022663 | C30: =1 - (ABS(Sheet1!C30 - 2) / Sheet1!$B$34) -> 0.67705382 | D30: =1 - (ABS(Sheet1!D30 - 2) / Sheet1!$B$34) -> 0.68555241 | E30: =1 - (ABS(Sheet1!E30 - 2) / Sheet1!$B$34) -> 0.67988669 | F30: =1 - (ABS(Sheet1!F30 - 2) / Sheet1!$B$34) -> 0.76487252 | G30: =1 - (ABS(Sheet1!G30 - 2) / Sheet1!$B$34) -> 0.68555241 | H30: =1 - (ABS(Sheet1!H30 - 2) / Sheet1!$B$34) -> 0.66855524 | I30: =1 - (ABS(Sheet1!I30 - 2) / Sheet1!$B$34) -> 0.71671388 | ... N30: =1 - (ABS(Sheet1!N30 - 2) / Sheet1!$B$34) -> 0.76487252
