Workbook

Sheet BPA_PM
A1: Category | B1: Count_H | C1: Count_A | D1: Count_P | E1: Total | F1: m(H) | G1: m(A) | H1: m(P)
A2: Low | B2: {=COUNTIFS(FACTOR_CLASSIFICATION!C2:C30, "Low", VLOOKUP(FACTOR_CLASSIFICATION!A2:A30, S_R_CALCULATION!A2:E30, 5, FALSE), "High")} -> 5 | C2: {=COUNTIFS(FACTOR_CLASSIFICATION!C2:C30, "Low", VLOOKUP(FACTOR_CLASSIFICATION!A2:A30, S_R_CALCULATION!A2:E30, 5, FALSE), "Average")} -> 4 | D2: {=COUNTIFS(FACTOR_CLASSIFICATION!C2:C30, "Low", VLOOKUP(FACTOR_CLASSIFICATION!A2:A30, S_R_CALCULATION!A2:E30, 5, FALSE), "Poor")} -> 3 | E2: =SUM(B2:D2) -> 12 | F2: =B2/E2 -> 0.41666667 | G2: =C2/E2 -> 0.33333333 | H2: =D2/E2 -> 0.25
A3: Standard | B3: {=COUNTIFS(FACTOR_CLASSIFICATION!C2:C30, "Standard", VLOOKUP(FACTOR_CLASSIFICATION!A2:A30, S_R_CALCULATION!A2:E30, 5, FALSE), "High")} -> 0 | C3: {=COUNTIFS(FACTOR_CLASSIFICATION!C2:C30, "Standard", VLOOKUP(FACTOR_CLASSIFICATION!A2:A30, S_R_CALCULATION!A2:E30, 5, FALSE), "Average")} -> 2 | D3: {=COUNTIFS(FACTOR_CLASSIFICATION!C2:C30, "Standard", VLOOKUP(FACTOR_CLASSIFICATION!A2:A30, S_R_CALCULATION!A2:E30, 5, FALSE), "Poor")} -> 2 | E3: =SUM(B3:D3) -> 4 | F3: =B3/E3 -> 0 | G3: =C3/E3 -> 0.5 | H3: =D3/E3 -> 0.5
A4: High | B4: {=COUNTIFS(FACTOR_CLASSIFICATION!C2:C30, "High", VLOOKUP(FACTOR_CLASSIFICATION!A2:A30, S_R_CALCULATION!A2:E30, 5, FALSE), "High")} -> 5 | C4: {=COUNTIFS(FACTOR_CLASSIFICATION!C2:C30, "High", VLOOKUP(FACTOR_CLASSIFICATION!A2:A30, S_R_CALCULATION!A2:E30, 5, FALSE), "Average")} -> 3 | D4: {=COUNTIFS(FACTOR_CLASSIFICATION!C2:C30, "High", VLOOKUP(FACTOR_CLASSIFICATION!A2:A30, S_R_CALCULATION!A2:E30, 5, FALSE), "Poor")} -> 5 | E4: =SUM(B4:D4) -> 13 | F4: =B4/E4 -> 0.38461538 | G4: =C4/E4 -> 0.23076923 | H4: =D4/E4 -> 0.38461538

Sheet BPA_EPS
A1: Category | B1: Count_H | C1: Count_A | D1: Count_P | E1: Total | F1: m(H) | G1: m(A) | H1: m(P)
A2: Low | B2: {=COUNTIFS(FACTOR_CLASSIFICATION!E2:E30,"Low", VLOOKUP(FACTOR_CLASSIFICATION!A2:A30,S_R_CALCULATION!A2:E30,5,FALSE),"High")} -> 5 | C2: {=COUNTIFS(FACTOR_CLASSIFICATION!E2:E30,"Low", VLOOKUP(FACTOR_CLASSIFICATION!A2:A30,S_R_CALCULATION!A2:E30,5,FALSE),"Average")} -> 4 | D2: {=COUNTIFS(FACTOR_CLASSIFICATION!E2:E30,"Low", VLOOKUP(FACTOR_CLASSIFICATION!A2:A30,S_R_CALCULATION!A2:E30,5,FALSE),"Poor")} -> 7 | E2: =SUM(B2:D2) -> 16 | F2: =B2/E2 -> 0.3125 | G2: =C2/E2 -> 0.25 | H2: =D2/E2 -> 0.4375
A3: Standard | B3: {=COUNTIFS(FACTOR_CLASSIFICATION!E2:E30,"Standard", VLOOKUP(FACTOR_CLASSIFICATION!A2:A30,S_R_CALCULATION!A2:E30,5,FALSE),"High")} -> 0 | C3: {=COUNTIFS(FACTOR_CLASSIFICATION!E2:E30,"Standard", VLOOKUP(FACTOR_CLASSIFICATION!A2:A30,S_R_CALCULATION!A2:E30,5,FALSE),"Average")} -> 2 | D3: {=COUNTIFS(FACTOR_CLASSIFICATION!E2:E30,"Standard", VLOOKUP(FACTOR_CLASSIFICATION!A2:A30,S_R_CALCULATION!A2:E30,5,FALSE),"Poor")} -> 1 | E3: =SUM(B3:D3) -> 3 | F3: =B3/E3 -> 0 | G3: =C3/E3 -> 0.66666667 | H3: =D3/E3 -> 0.33333333
A4: High | B4: {=COUNTIFS(FACTOR_CLASSIFICATION!E2:E30,"High", VLOOKUP(FACTOR_CLASSIFICATION!A2:A30,S_R_CALCULATION!A2:E30,5,FALSE),"High")} -> 5 | C4: {=COUNTIFS(FACTOR_CLASSIFICATION!E2:E30,"High", VLOOKUP(FACTOR_CLASSIFICATION!A2:A30,S_R_CALCULATION!A2:E30,5,FALSE),"Average")} -> 3 | D4: {=COUNTIFS(FACTOR_CLASSIFICATION!E2:E30,"High", VLOOKUP(FACTOR_CLASSIFICATION!A2:A30,S_R_CALCULATION!A2:E30,5,FALSE),"Poor")} -> 2 | E4: =SUM(B4:D4) -> 10 | F4: =B4/E4 -> 0.5 | G4: =C4/E4 -> 0.3 | H4: =D4/E4 -> 0.2

Sheet BPA_DPR
A1: Category | B1: Count_H | C1: Count_A | D1: Count_P | E1: Total | F1: m(H) | G1: m(A) | H1: m(P)
A2: Low | B2: {=COUNTIFS(FACTOR_CLASSIFICATION!G2:G30,"Low", VLOOKUP(FACTOR_CLASSIFICATION!A2:A30,S_R_CALCULATION!A2:E30,5,FALSE),"High")} -> 7 | C2: {=COUNTIFS(FACTOR_CLASSIFICATION!G2:G30,"Low", VLOOKUP(FACTOR_CLASSIFICATION!A2:A30,S_R_CALCULATION!A2:E30,5,FALSE),"Average")} -> 6 | D2: {=COUNTIFS(FACTOR_CLASSIFICATION!G2:G30,"Low", VLOOKUP(FACTOR_CLASSIFICATION!A2:A30,S_R_CALCULATION!A2:E30,5,FALSE),"Poor")} -> 7 | E2: =SUM(B2:D2) -> 20 | F2: =B2/E2 -> 0.35 | G2: =C2/E2 -> 0.3 | H2: =D2/E2 -> 0.35
A3: Standard | B3: {=COUNTIFS(FACTOR_CLASSIFICATION!G2:G30,"Standard", VLOOKUP(FACTOR_CLASSIFICATION!A2:A30,S_R_CALCULATION!A2:E30,5,FALSE),"High")} -> 1 | C3: {=COUNTIFS(FACTOR_CLASSIFICATION!G2:G30,"Standard", VLOOKUP(FACTOR_CLASSIFICATION!A2:A30,S_R_CALCULATION!A2:E30,5,FALSE),"Average")} -> 0 | D3: {=COUNTIFS(FACTOR_CLASSIFICATION!G2:G30,"Standard", VLOOKUP(FACTOR_CLASSIFICATION!A2:A30,S_R_CALCULATION!A2:E30,5,FALSE),"Poor")} -> 3 | E3: =SUM(B3:D3) -> 4 | F3: =B3/E3 -> 0.25 | G3: =C3/E3 -> 0 | H3: =D3/E3 -> 0.75
A4: High | B4: {=COUNTIFS(FACTOR_CLASSIFICATION!G2:G30,"High", VLOOKUP(FACTOR_CLASSIFICATION!A2:A30,S_R_CALCULATION!A2:E30,5,FALSE),"High")} -> 2 | C4: {=COUNTIFS(FACTOR_CLASSIFICATION!G2:G30,"High", VLOOKUP(FACTOR_CLASSIFICATION!A2:A30,S_R_CALCULATION!A2:E30,5,FALSE),"Average")} -> 3 | D4: {=COUNTIFS(FACTOR_CLASSIFICATION!G2:G30,"High", VLOOKUP(FACTOR_CLASSIFICATION!A2:A30,S_R_CALCULATION!A2:E30,5,FALSE),"Poor")} -> 0 | E4: =SUM(B4:D4) -> 5 | F4: =B4/E4 -> 0.4 | G4: =C4/E4 -> 0.6 | H4: =D4/E4 -> 0

Sheet BPA_DE
A1: Category | B1: Count_H | C1: Count_A | D1: Count_P | E1: Total | F1: m(H) | G1: m(A) | H1: m(P)
A2: Low | B2: {=COUNTIFS(FACTOR_CLASSIFICATION!I2:I30,"Low", VLOOKUP(FACTOR_CLASSIFICATION!A2:A30,S_R_CALCULATION!A2:E30,5,FALSE),"High")} -> 6 | C2: {=COUNTIFS(FACTOR_CLASSIFICATION!I2:I30,"Low", VLOOKUP(FACTOR_CLASSIFICATION!A2:A30,S_R_CALCULATION!A2:E30,5,FALSE),"Average")} -> 4 | D2: {=COUNTIFS(FACTOR_CLASSIFICATION!I2:I30,"Low", VLOOKUP(FACTOR_CLASSIFICATION!A2:A30,S_R_CALCULATION!A2:E30,5,FALSE),"Poor")} -> 3 | E2: =SUM(B2:D2) -> 13 | F2: =B2/E2 -> 0.46153846 | G2: =C2/E2 -> 0.30769231 | H2: =D2/E2 -> 0.23076923
A3: Standard | B3: {=COUNTIFS(FACTOR_CLASSIFICATION!I2:I30,"Standard", VLOOKUP(FACTOR_CLASSIFICATION!A2:A30,S_R_CALCULATION!A2:E30,5,FALSE),"High")} -> 3 | C3: {=COUNTIFS(FACTOR_CLASSIFICATION!I2:I30,"Standard", VLOOKUP(FACTOR_CLASSIFICATION!A2:A30,S_R_CALCULATION!A2:E30,5,FALSE),"Average")} -> 2 | D3: {=COUNTIFS(FACTOR_CLASSIFICATION!I2:I30,"Standard", VLOOKUP(FACTOR_CLASSIFICATION!A2:A30,S_R_CALCULATION!A2:E30,5,FALSE),"Poor")} -> 4 | E3: =SUM(B3:D3) -> 9 | F3: =B3/E3 -> 0.33333333 | G3: =C3/E3 -> 0.22222222 | H3: =D3/E3 -> 0.44444444
A4: High | B4: {=COUNTIFS(FACTOR_CLASSIFICATION!I2:I30,"High", VLOOKUP(FACTOR_CLASSIFICATION!A2:A30,S_R_CALCULATION!A2:E30,5,FALSE),"High")} -> 1 | C4: {=COUNTIFS(FACTOR_CLASSIFICATION!I2:I30,"High", VLOOKUP(FACTOR_CLASSIFICATION!A2:A30,S_R_CALCULATION!A2:E30,5,FALSE),"Average")} -> 3 | D4: {=COUNTIFS(FACTOR_CLASSIFICATION!I2:I30,"High", VLOOKUP(FACTOR_CLASSIFICATION!A2:A30,S_R_CALCULATION!A2:E30,5,FALSE),"Poor")} -> 3 | E4: =SUM(B4:D4) -> 7 | F4: =B4/E4 -> 0.14285714 | G4: =C4/E4 -> 0.42857143 | H4: =D4/E4 -> 0.42857143

Sheet FACTOR_CLASSIFICATION
A1: Stock | B1: PM (2023) | C1: PM_Label | D1: EPS (2023) | E1: EPS_Label | F1: PR (2023) | G1: PR_Label | H1: DE (2023) | I1: DE_Label
A2: Adani Ports and Special Economic Zone Ltd | B2: 25.63 | C2: =IF(B2 < 10, "Low", IF(B2 <= 15, "Standard", "High")) -> High | D2: 24.58 | E2: =IF(D2 < 50, "Low", IF(D2 <= 60, "Standard", "High")) -> Low | F2: 19.88 | G2: =IF(F2 < 40, "Low", IF(F2 <= 60, "Standard", "High")) -> Low | H2: 0.73716407 | I2: =IF(H2 < 0.5, "Low", IF(H2 <= 1.5, "Standard", "High")) -> Standard
A3: Asian Paints Ltd | B3: 11.89 | C3: =IF(B3 < 10, "Low", IF(B3 <= 15, "Standard", "High")) -> Standard | D3: 42.82 | E3: =IF(D3 < 50, "Low", IF(D3 <= 60, "Standard", "High")) -> Low | F3: 46.48 | G3: =IF(F3 < 40, "Low", IF(F3 <= 60, "Standard", "High")) -> Standard | H3: 0.058268908 | I3: =IF(H3 < 0.5, "Low", IF(H3 <= 1.5, "Standard", "High")) -> Low
A4: AXIS Bank Ltd | B4: 12.41 | C4: =IF(B4 < 10, "Low", IF(B4 <= 15, "Standard", "High")) -> Standard | D4: 35.04 | E4: =IF(D4 < 50, "Low", IF(D4 <= 60, "Standard", "High")) -> Low | F4: 3.25 | G4: =IF(F4 < 40, "Low", IF(F4 <= 60, "Standard", "High")) -> Low | H4: 2.3408438 | I4: =IF(H4 < 0.5, "Low", IF(H4 <= 1.5, "Standard", "High")) -> High
A5: Bajaj Finserv Ltd | B5: 14.87 | C5: =IF(B5 < 10, "Low", IF(B5 <= 15, "Standard", "High")) -> Standard | D5: 4.6 | E5: =IF(D5 < 50, "Low", IF(D5 <= 60, "Standard", "High")) -> Low | F5: 0.99 | G5: =IF(F5 < 40, "Low", IF(F5 <= 60, "Standard", "High")) -> Low | H5: 1.7155981 | I5: =IF(H5 < 0.5, "Low", IF(H5 <= 1.5, "Standard", "High")) -> High
A6: Bajaj Finance Ltd | B6: 27.79 | C6: =IF(B6 < 10, "Low", IF(B6 <= 15, "Standard", "High")) -> High | D6: 187.439 | E6: =IF(D6 < 50, "Low", IF(D6 <= 60, "Standard", "High")) -> High | F6: 10.49 | G6: =IF(F6 < 40, "Low", IF(F6 <= 60, "Standard", "High")) -> Low | H6: 1.6074359 | I6: =IF(H6 < 0.5, "Low", IF(H6 <= 1.5, "Standard", "High")) -> High
A7: Bharat Electronics Ltd | B7: 16.57 | C7: =IF(B7 < 10, "Low", IF(B7 <= 15, "Standard", "High")) -> High | D7: 4.09 | E7: =IF(D7 < 50, "Low", IF(D7 <= 60, "Standard", "High")) -> Low | F7: 41.63 | G7: =IF(F7 < 40, "Low", IF(F7 <= 60, "Standard", "High")) -> Standard | H7: 0.74193734 | I7: =IF(H7 < 0.5, "Low", IF(H7 <= 1.5, "Standard", "High")) -> Standard
A8: Bharti Airtel Ltd | B8: 8.29 | C8: =IF(B8 < 10, "Low", IF(B8 <= 15, "Standard", "High")) -> Low | D8: 14.57 | E8: =IF(D8 < 50, "Low", IF(D8 <= 60, "Standard", "High")) -> Low | F8: 20.34 | G8: =IF(F8 < 40, "Low", IF(F8 <= 60, "Standard", "High")) -> Low | H8: 1.0367369 | I8: =IF(H8 < 0.5, "Low", IF(H8 <= 1.5, "Standard", "High")) -> Standard
A9: HCL Technologies Ltd | B9: 14.63 | C9: =IF(B9 < 10, "Low", IF(B9 <= 15, "Standard", "High")) -> Standard | D9: 54.79 | E9: =IF(D9 < 50, "Low", IF(D9 <= 60, "Standard", "High")) -> Standard | F9: 87.5 | G9: =IF(F9 < 40, "Low", IF(F9 <= 60, "Standard", "High")) -> High | H9: 0.029558802 | I9: =IF(H9 < 0.5, "Low", IF(H9 <= 1.5, "Standard", "High")) -> Low
A10: HDFC Bank Ltd | B10: 27.29 | C10: =IF(B10 < 10, "Low", IF(B10 <= 15, "Standard", "High")) -> High | D10: 82.27 | E10: =IF(D10 < 50, "Low", IF(D10 <= 60, "Standard", "High")) -> High | F10: 24.07 | G10: =IF(F10 < 40, "Low", IF(F10 <= 60, "Standard", "High")) -> Low | H10: 2.1747517 | I10: =IF(H10 < 0.5, "Low", IF(H10 <= 1.5, "Standard", "High")) -> High
A11: Hindustan Unilever Ltd | B11: 16.74 | C11: =IF(B11 < 10, "Low", IF(B11 <= 15, "Standard", "High")) -> High | D11: 43.07 | E11: =IF(D11 < 50, "Low", IF(D11 <= 60, "Standard", "High")) -> Low | F11: 83.58 | G11: =IF(F11 < 40, "Low", IF(F11 <= 60, "Standard", "High")) -> High | H11: 0.43178242 | I11: =IF(H11 < 0.5, "Low", IF(H11 <= 1.5, "Standard", "High")) -> Low
A12: ICICI Bank Ltd | B12: 28.46 | C12: =IF(B12 < 10, "Low", IF(B12 <= 15, "Standard", "High")) -> High | D12: 47.84 | E12: =IF(D12 < 50, "Low", IF(D12 <= 60, "Standard", "High")) -> Low | F12: 16.4 | G12: =IF(F12 < 40, "Low", IF(F12 <= 60, "Standard", "High")) -> Low | H12: 2.1598688 | I12: =IF(H12 < 0.5, "Low", IF(H12 <= 1.5, "Standard", "High")) -> High
A13: Infosys Ltd | B13: 16.42 | C13: =IF(B13 < 10, "Low", IF(B13 <= 15, "Standard", "High")) -> High | D13: 57.54 | E13: =IF(D13 < 50, "Low", IF(D13 <= 60, "Standard", "High")) -> Standard | F13: 56.57 | G13: =IF(F13 < 40, "Low", IF(F13 <= 60, "Standard", "High")) -> Standard | H13: 0.45107562 | I13: =IF(H13 < 0.5, "Low", IF(H13 <= 1.5, "Standard", "High")) -> Low
... A30: UltraTech Cement Ltd | B30: 8.01 | C30: =IF(B30 < 10, "Low", IF(B30 <= 15, "Standard", "High")) -> Low | D30: 175.54 | E30: =IF(D30 < 50, "Low", IF(D30 <= 60, "Standard", "High")) -> High | F30: 21.57 | G30: =IF(F30 < 40, "Low", IF(F30 <= 60, "Standard", "High")) -> Low | H30: 0.16551444 | I30: =IF(H30 < 0.5, "Low", IF(H30 <= 1.5, "Standard", "High")) -> Low

Sheet S_R_CALCULATION
A1: Stock Name | B1: mean return | C1: semivariance | D1: S/R ratio | E1: Performance
A2: Adani Ports and Special Economic Zone Ltd | B2: 0.31583726 | C2: 0.097288759 | D2: 0.30803446 | E2: High
A3: Asian Paints Ltd | B3: 0.12552998 | C3: 0.090427899 | D3: 0.72036895 | E3: Poor
A4: AXIS Bank Ltd | B4: 0.042556433 | C4: 0.067365646 | D4: 1.5829721 | E4: Poor
A5: Bajaj Finserv Ltd | B5: 0.48694484 | C5: 0.25184432 | D5: 0.5171927 | E5: Average
A6: Bajaj Finance Ltd | B6: 0.50656979 | C6: 0.15726468 | D6: 0.31045018 | E6: Average
A7: Bharat Electronics Ltd | B7: 0.12701712 | C7: 0.16855514 | D7: 1.327027 | E7: Poor
A8: Bharti Airtel Ltd | B8: 0.12760876 | C8: 0.017415863 | D8: 0.13647859 | E8: High
A9: HCL Technologies Ltd | B9: 0.15818889 | C9: 0.080960751 | D9: 0.51179795 | E9: Average
A10: HDFC Bank Ltd | B10: 0.1760652 | C10: 0.066061775 | D10: 0.37521199 | E10: Average
A11: Hindustan Unilever Ltd | B11: 0.19740215 | C11: 0.027122009 | D11: 0.1373947 | E11: High
A12: ICICI Bank Ltd | B12: 0.07385946 | C12: 0.07226394 | D12: 0.9783979 | E12: Poor
A13: Infosys Ltd | B13: 0.039662159 | C13: 0.049805932 | D13: 1.2557544 | E13: Poor
... A30: UltraTech Cement Ltd | B30: 0.190058 | C30: 0.030885553 | D30: 0.16250594 | E30: High
