Workbook

Sheet Returns
A1: ANNUAL RETURN | B1: 2014 | C1: 2015 | D1: 2016 | E1: 2017 | F1: 2018 | G1: 2019 | H1: 2020 | I1: 2021 | J1: 2022
A2: Adani Ports and Special Economic Zone Ltd | B2: 0.35135135 | C2: 0.642933 | D2: -0.19591 | E2: 0.371821 | F2: 0.043702 | G2: 0.06584 | H2: -0.33519 | I2: 1.796458 | J2: 0.10153
A3: Asian Paints Ltd | B3: -0.88879619 | C3: 0.479872 | D3: 0.074127 | E3: 0.233107 | F3: 0.04621 | G3: 0.331222 | H3: 0.117166 | I3: 0.52202 | J3: 0.214842
A4: AXIS Bank Ltd | B4: 0.1223439 | C4: -0.61628 | D4: -0.20673 | E4: 0.104038 | F4: 0.037897 | G4: 0.523557 | H4: -0.51127 | I4: 0.838914 | J4: 0.090538
A5: Bajaj Finserv Ltd | B5: 0.55069953 | C5: 1.288344 | D5: 0.691596 | E5: -0.83056 | F5: 0.507325 | G5: 0.709196 | H5: -0.26739 | I5: 1.323458 | J5: 0.409835
A6: Bajaj Finance Ltd | B6: 0.02730109 | C6: 0.758352 | D6: 0.226205 | E6: 1.399296 | F6: 0.266831 | G6: 0.358575 | H6: -0.34763 | I6: 1.106389 | J6: 0.763809
A7: Bharat Electronics Ltd | B7: -0.00391594 | C7: 1.924256 | D7: -0.63567 | E7: -0.87179 | F7: -0.09146 | G7: -0.34319 | H7: -0.20311 | I7: 0.682582 | J7: 0.685452
A8: Bharti Airtel Ltd | B8: 0.09287183 | C8: 0.235183 | D8: -0.10916 | E8: -0.00271 | F8: 0.139877 | G8: -0.16546 | H8: 0.323521 | I8: 0.174081 | J8: 0.460275
A9: HCL Technologies Ltd | B9: 0.74696903 | C9: -0.29547 | D9: -0.16894 | E9: 0.072345 | F9: 0.110475 | G9: 0.122228 | H9: -0.59858 | I9: 1.251746 | J9: 0.182927
A10: HDFC Bank Ltd | B10: 0.19988784 | C10: 0.365894 | D10: 0.04727 | E10: 0.346434 | F10: 0.311412 | G10: 0.224722 | H10: -0.62789 | I10: 0.732657 | J10: -0.0158
A11: Hindustan Unilever Ltd | B11: 0.29510835 | C11: 0.446037 | D11: -0.0039 | E11: 0.046291 | F11: 0.468425 | G11: 0.278389 | H11: 0.345679 | I11: 0.05772 | J11: -0.15713
A12: ICICI Bank Ltd | B12: 0.19141914 | C12: -0.74684 | D12: -0.24976 | E12: 0.171423 | F12: 0.004691 | G12: 0.432651 | H12: -0.18641 | I12: 0.791217 | J12: 0.256344
... A30: UltraTech Cement Ltd | B30: 0.17178801 | C30: 0.313445 | D30: 0.122435 | E30: 0.236427 | F30: -0.01055 | G30: 0.012969 | H30: -0.18624 | I30: 1.070308 | J30: -0.02006

Sheet SR_Calculations
A1: Stock Name | B1: mean return | C1: semivariance | D1: S/R ratio | E1: Performance
A2: Adani Ports and Special Economic Zone Ltd | B2: =AVERAGE(Returns!B2:M2) -> 0.31583726 | C2: {=AVERAGE(IF(Returns!B2:M2 < B2, ( Returns!B2:M2 - B2 )^2, 0))} -> 0.097288759 | D2: =C2 / B2 -> 0.30803446 | E2: =IF(D2 <= PERCENTILE($D$2:$D$30, 0.33), "High", IF(D2 <= PERCENTILE($D$2:$D$30, 0.66), "Average", "Poor")) -> High | G2: no of high | H2: =COUNTIF(E2:E30,"High") -> 10
A3: Asian Paints Ltd | B3: =AVERAGE(Returns!B3:M3) -> 0.12552998 | C3: {=AVERAGE(IF(Returns!B3:M3 < B3, ( Returns!B3:M3 - B3 )^2, 0))} -> 0.090427899 | D3: =C3 / B3 -> 0.72036895 | E3: =IF(D3 <= PERCENTILE($D$2:$D$30, 0.33), "High", IF(D3 <= PERCENTILE($D$2:$D$30, 0.66), "Average", "Poor")) -> Poor | G3: no of Average | H3: =COUNTIF(E2:E30,"Average") -> 9
A4: AXIS Bank Ltd | B4: =AVERAGE(Returns!B4:M4) -> 0.042556433 | C4: {=AVERAGE(IF(Returns!B4:M4 < B4, ( Returns!B4:M4 - B4 )^2, 0))} -> 0.067365646 | D4: =C4 / B4 -> 1.5829721 | E4: =IF(D4 <= PERCENTILE($D$2:$D$30, 0.33), "High", IF(D4 <= PERCENTILE($D$2:$D$30, 0.66), "Average", "Poor")) -> Poor | G4: no of low | H4: =COUNTIF(E2:E30,"Poor") -> 10
A5: Bajaj Finserv Ltd | B5: =AVERAGE(Returns!B5:M5) -> 0.48694484 | C5: {=AVERAGE(IF(Returns!B5:M5 < B5, ( Returns!B5:M5 - B5 )^2, 0))} -> 0.25184432 | D5: =C5 / B5 -> 0.5171927 | E5: =IF(D5 <= PERCENTILE($D$2:$D$30, 0.33), "High", IF(D5 <= PERCENTILE($D$2:$D$30, 0.66), "Average", "Poor")) -> Average
A6: Bajaj Finance Ltd | B6: =AVERAGE(Returns!B6:M6) -> 0.50656979 | C6: {=AVERAGE(IF(Returns!B6:M6 < B6, ( Returns!B6:M6 - B6 )^2, 0))} -> 0.15726468 | D6: =C6 / B6 -> 0.31045018 | E6: =IF(D6 <= PERCENTILE($D$2:$D$30, 0.33), "High", IF(D6 <= PERCENTILE($D$2:$D$30, 0.66), "Average", "Poor")) -> Average
A7: Bharat Electronics Ltd | B7: =AVERAGE(Returns!B7:M7) -> 0.12701712 | C7: {=AVERAGE(IF(Returns!B7:M7 < B7, ( Returns!B7:M7 - B7 )^2, 0))} -> 0.16855514 | D7: =C7 / B7 -> 1.327027 | E7: =IF(D7 <= PERCENTILE($D$2:$D$30, 0.33), "High", IF(D7 <= PERCENTILE($D$2:$D$30, 0.66), "Average", "Poor")) -> Poor
A8: Bharti Airtel Ltd | B8: =AVERAGE(Returns!B8:M8) -> 0.12760876 | C8: {=AVERAGE(IF(Returns!B8:M8 < B8, ( Returns!B8:M8 - B8 )^2, 0))} -> 0.017415863 | D8: =C8 / B8 -> 0.13647859 | E8: =IF(D8 <= PERCENTILE($D$2:$D$30, 0.33), "High", IF(D8 <= PERCENTILE($D$2:$D$30, 0.66), "Average", "Poor")) -> High
A9: HCL Technologies Ltd | B9: =AVERAGE(Returns!B9:M9) -> 0.15818889 | C9: {=AVERAGE(IF(Returns!B9:M9 < B9, ( Returns!B9:M9 - B9 )^2, 0))} -> 0.080960751 | D9: =C9 / B9 -> 0.51179795 | E9: =IF(D9 <= PERCENTILE($D$2:$D$30, 0.33), "High", IF(D9 <= PERCENTILE($D$2:$D$30, 0.66), "Average", "Poor")) -> Average
A10: HDFC Bank Ltd | B10: =AVERAGE(Returns!B10:M10) -> 0.1760652 | C10: {=AVERAGE(IF(Returns!B10:M10 < B10, ( Returns!B10:M10 - B10 )^2, 0))} -> 0.066061775 | D10: =C10 / B10 -> 0.37521199 | E10: =IF(D10 <= PERCENTILE($D$2:$D$30, 0.33), "High", IF(D10 <= PERCENTILE($D$2:$D$30, 0.66), "Average", "Poor")) -> Average
A11: Hindustan Unilever Ltd | B11: =AVERAGE(Returns!B11:M11) -> 0.19740215 | C11: {=AVERAGE(IF(Returns!B11:M11 < B11, ( Returns!B11:M11 - B11 )^2, 0))} -> 0.027122009 | D11: =C11 / B11 -> 0.1373947 | E11: =IF(D11 <= PERCENTILE($D$2:$D$30, 0.33), "High", IF(D11 <= PERCENTILE($D$2:$D$30, 0.66), "Average", "Poor")) -> High
A12: ICICI Bank Ltd | B12: =AVERAGE(Returns!B12:M12) -> 0.07385946 | C12: {=AVERAGE(IF(Returns!B12:M12 < B12, ( Returns!B12:M12 - B12 )^2, 0))} -> 0.07226394 | D12: =C12 / B12 -> 0.9783979 | E12: =IF(D12 <= PERCENTILE($D$2:$D$30, 0.33), "High", IF(D12 <= PERCENTILE($D$2:$D$30, 0.66), "Average", "Poor")) -> Poor
A13: Infosys Ltd | B13: =AVERAGE(Returns!B13:M13) -> 0.039662159 | C13: {=AVERAGE(IF(Returns!B13:M13 < B13, ( Returns!B13:M13 - B13 )^2, 0))} -> 0.049805932 | D13: =C13 / B13 -> 1.2557544 | E13: =IF(D13 <= PERCENTILE($D$2:$D$30, 0.33), "High", IF(D13 <= PERCENTILE($D$2:$D$30, 0.66), "Average", "Poor")) -> Poor
A14: ITC Ltd | B14: =AVERAGE(Returns!B14:M14) -> -0.00037505889 | C14: {=AVERAGE(IF(Returns!B14:M14 < B14, ( Returns!B14:M14 - B14 )^2, 0))} -> 0.017573605 | D14: =C14 / ABS(B14) -> 46.855589 | E14: =IF(D14 <= PERCENTILE($D$2:$D$30, 0.33), "High", IF(D14 <= PERCENTILE($D$2:$D$30, 0.66), "Average", "Poor")) -> Poor
A15: Kotak Mahindra Bank Ltd | B15: =AVERAGE(Returns!B15:M15) -> 0.16461951 | C15: {=AVERAGE(IF(Returns!B15:M15 < B15, ( Returns!B15:M15 - B15 )^2, 0))} -> 0.046940894 | D15: =C15 / B15 -> 0.28514781 | E15: =IF(D15 <= PERCENTILE($D$2:$D$30, 0.33), "High", IF(D15 <= PERCENTILE($D$2:$D$30, 0.66), "Average", "Poor")) -> High
A16: Larsen & Toubro Ltd | B16: =AVERAGE(Returns!B16:M16) -> 0.08459407 | C16: {=AVERAGE(IF(Returns!B16:M16 < B16, ( Returns!B16:M16 - B16 )^2, 0))} -> 0.04194637 | D16: =C16 / B16 -> 0.49585474 | E16: =IF(D16 <= PERCENTILE($D$2:$D$30, 0.33), "High", IF(D16 <= PERCENTILE($D$2:$D$30, 0.66), "Average", "Poor")) -> Average
A17: Mahindra & Mahindra Ltd | B17: =AVERAGE(Returns!B17:M17) -> 0.12684566 | C17: {=AVERAGE(IF(Returns!B17:M17 < B17, ( Returns!B17:M17 - B17 )^2, 0))} -> 0.076829346 | D17: =C17 / B17 -> 0.60569157 | E17: =IF(D17 <= PERCENTILE($D$2:$D$30, 0.33), "High", IF(D17 <= PERCENTILE($D$2:$D$30, 0.66), "Average", "Poor")) -> Poor
A18: Maruti Suzuki India Ltd | B18: =AVERAGE(Returns!B18:M18) -> 0.29008281 | C18: {=AVERAGE(IF(Returns!B18:M18 < B18, ( Returns!B18:M18 - B18 )^2, 0))} -> 0.089726254 | D18: =C18 / B18 -> 0.30931255 | E18: =IF(D18 <= PERCENTILE($D$2:$D$30, 0.33), "High", IF(D18 <= PERCENTILE($D$2:$D$30, 0.66), "Average", "Poor")) -> High
A19: NTPC Ltd | B19: =AVERAGE(Returns!B19:M19) -> 0.02332659 | C19: {=AVERAGE(IF(Returns!B19:M19 < B19, ( Returns!B19:M19 - B19 )^2, 0))} -> 0.022312646 | D19: =C19 / B19 -> 0.9565327 | E19: =IF(D19 <= PERCENTILE($D$2:$D$30, 0.33), "High", IF(D19 <= PERCENTILE($D$2:$D$30, 0.66), "Average", "Poor")) -> Poor
A20: Power Grid Corporation of India Ltd | B20: =AVERAGE(Returns!B20:M20) -> 0.10208749 | C20: {=AVERAGE(IF(Returns!B20:M20 < B20, ( Returns!B20:M20 - B20 )^2, 0))} -> 0.015321754 | D20: =C20 / B20 -> 0.15008454 | E20: =IF(D20 <= PERCENTILE($D$2:$D$30, 0.33), "High", IF(D20 <= PERCENTILE($D$2:$D$30, 0.66), "Average", "Poor")) -> High
A21: Reliance Industries Ltd | B21: =AVERAGE(Returns!B21:M21) -> 0.19589667 | C21: {=AVERAGE(IF(Returns!B21:M21 < B21, ( Returns!B21:M21 - B21 )^2, 0))} -> 0.052668061 | D21: =C21 / B21 -> 0.26885634 | E21: =IF(D21 <= PERCENTILE($D$2:$D$30, 0.33), "High", IF(D21 <= PERCENTILE($D$2:$D$30, 0.66), "Average", "Poor")) -> High
A22: State Bank of India | B22: =AVERAGE(Returns!B22:M22) -> 0.77760911 | C22: {=AVERAGE(IF(Returns!B22:M22 < B22, ( Returns!B22:M22 - B22 )^2, 0))} -> 0.69204796 | D22: =C22 / B22 -> 0.88996895 | E22: =IF(D22 <= PERCENTILE($D$2:$D$30, 0.33), "High", IF(D22 <= PERCENTILE($D$2:$D$30, 0.66), "Average", "Poor")) -> Poor
A23: Sun Pharmaceutical Industries Ltd | B23: =AVERAGE(Returns!B23:M23) -> 0.068810233 | C23: {=AVERAGE(IF(Returns!B23:M23 < B23, ( Returns!B23:M23 - B23 )^2, 0))} -> 0.037533994 | D23: =C23 / B23 -> 0.5454711 | E23: =IF(D23 <= PERCENTILE($D$2:$D$30, 0.33), "High", IF(D23 <= PERCENTILE($D$2:$D$30, 0.66), "Average", "Poor")) -> Average
A24: Tata Motors Ltd | B24: =AVERAGE(Returns!B24:M24) -> 0.34396037 | C24: {=AVERAGE(IF(Returns!B24:M24 < B24, ( Returns!B24:M24 - B24 )^2, 0))} -> 0.22767616 | D24: =C24 / B24 -> 0.66192557 | E24: =IF(D24 <= PERCENTILE($D$2:$D$30, 0.33), "High", IF(D24 <= PERCENTILE($D$2:$D$30, 0.66), "Average", "Poor")) -> Poor
A25: Tata Steel Ltd | B25: =AVERAGE(Returns!B25:M25) -> 0.31305268 | C25: {=AVERAGE(IF(Returns!B25:M25 < B25, ( Returns!B25:M25 - B25 )^2, 0))} -> 0.12149782 | D25: =C25 / B25 -> 0.38810664 | E25: =IF(D25 <= PERCENTILE($D$2:$D$30, 0.33), "High", IF(D25 <= PERCENTILE($D$2:$D$30, 0.66), "Average", "Poor")) -> Average
A26: Tata Consultancy Services Ltd | B26: =AVERAGE(Returns!B26:M26) -> 0.13443632 | C26: {=AVERAGE(IF(Returns!B26:M26 < B26, ( Returns!B26:M26 - B26 )^2, 0))} -> 0.028392949 | D26: =C26 / B26 -> 0.21119999 | E26: =IF(D26 <= PERCENTILE($D$2:$D$30, 0.33), "High", IF(D26 <= PERCENTILE($D$2:$D$30, 0.66), "Average", "Poor")) -> High
... A30: UltraTech Cement Ltd | B30: =AVERAGE(Returns!B30:M30) -> 0.190058 | C30: {=AVERAGE(IF(Returns!B30:M30 < B30, ( Returns!B30:M30 - B30 )^2, 0))} -> 0.030885553 | D30: =C30 / B30 -> 0.16250594 | E30: =IF(D30 <= PERCENTILE($D$2:$D$30, 0.33), "High", IF(D30 <= PERCENTILE($D$2:$D$30, 0.66), "Average", "Poor")) -> High
