Workbook

Sheet Sheet1
B1: 2014 | C1: 2015 | D1: 2016 | E1: 2017 | F1: 2018 | G1: 2019 | H1: 2020 | I1: 2021 | J1: 2022 | K1: 2023 | L1: 2024 | M1: 2025
A2: Adani Ports and Special Economic Zone Ltd | B2: 0.027678695 | C2: 0.045516874 | D2: -0.013624531 | E2: 0.028748929 | F2: 0.0034890724 | G2: 0.0081405251 | H2: -0.02803944 | I2: 0.097112015 | J2: 0.004794169 | K2: -0.013411015 | L2: 0.064866104 | M2: -0.018388853
A3: Asian Paints Ltd | B3: 0.014119278 | C3: 0.035916925 | D3: 0.0057830479 | E3: 0.018412948 | F3: 0.0024750057 | G3: 0.02510981 | H3: 0.009850388 | I3: 0.03472095 | J3: 0.017684069 | K3: -0.0044897477 | L3: 0.0034231375 | M3: -0.015508059
A4: AXIS Bank Ltd | B4: 0.020824255 | C4: 0.050253859 | D4: -0.018288142 | E4: 0.0072456263 | F4: 0.0035987805 | G4: 0.037541142 | H4: -0.043748563 | I4: 0.054840008 | J4: 0.005847556 | K4: 0.016450513 | L4: 0.015642564 | M4: 0.0031449812
A5: Bajaj Finserv Ltd | B5: 0.0057696166 | C5: 0.054265082 | D5: 0.016304197 | E5: 0.074197429 | F5: 0.021593213 | G5: 0.026467161 | H5: -0.013627338 | I5: 0.074710705 | J5: 0.049937612 | K5: -0.01579449 | L5: 0.021027313 | M5: 0.013268901
A6: Bajaj Finance Ltd | B6: 0.043106995 | C6: 0.061872866 | D6: 0.043550629 | E6: 0.044848665 | F6: 0.033765903 | G6: 0.047675208 | H6: -0.0044409445 | I6: 0.085722308 | J6: 0.030882716 | K6: -0.013425761 | L6: 0.021363854 | M6: 0.016012116
A7: Bharat Electronics Ltd | B7: 0.0061107392 | C7: 0.10420563 | D7: 0.013684397 | E7: 0.021688596 | F7: -0.0033593882 | G7: -0.03212618 | H7: -0.0065329825 | I7: 0.051465264 | J7: 0.043856665 | K7: 0.028760919 | L7: 0.060032519 | M7: 0.027854067
A8: Bharti Airtel Ltd | B8: 0.013501463 | C8: 0.019992274 | D8: -0.0028876544 | E8: 0.0028883304 | F8: 0.012324354 | G8: -0.015063661 | H8: 0.028987966 | I8: 0.012751318 | J8: 0.032532989 | K8: -0.00065184027 | L8: 0.046051621 | M8: 0.026702653
A9: HCL Technologies Ltd | B9: 0.051797648 | C9: 0.028270595 | D9: 0.0049023095 | E9: 0.0062164689 | F9: 0.010621993 | G9: 0.010918662 | H9: -0.016076783 | I9: 0.075759107 | J9: 0.017730025 | K9: 0.00050588316 | L9: 0.033035712 | M9: 0.0059402318
A10: HDFC Bank Ltd | B10: 0.016349853 | C10: 0.02696064 | D10: 0.0051465079 | E10: 0.025591428 | F10: 0.02310927 | G10: 0.017925707 | H10: -0.019558332 | I10: 0.046435038 | J10: 0.0018512656 | K10: 0.010052314 | L10: -0.0058276044 | M10: 0.016101132
A11: Hindustan Unilever Ltd | B11: 0.027625274 | C11: 0.033479572 | D11: 0.0020781671 | E11: 0.0033624168 | F11: 0.033005659 | G11: 0.021783993 | H11: 0.025133487 | I11: 0.0064105839 | J11: -0.013631594 | K11: 0.019518438 | L11: -0.010169015 | M11: 0.0021438945
A12: ICICI Bank Ltd | B12: 0.02113549 | C12: 0.020279245 | D12: -0.020895898 | E12: 0.021300104 | F12: 0.0093822508 | G12: 0.031910416 | H12: -0.0081086488 | I12: 0.04656278 | J12: 0.022089283 | K12: 0.019352031 | L12: 0.017928119 | M12: 0.015304241
A13: Infosys Ltd | B13: 0.015127996 | C13: 0.02741054 | D13: 0.010477373 | E13: -0.011950934 | F13: 0.010325168 | G13: 0.023217617 | H13: -0.0089107377 | I13: 0.071033761 | J13: 0.02912291 | K13: -0.019672524 | L13: 0.0075726879 | M13: 0.0071915879
... A29: UltraTech Cement Ltd | B29: 0.017814461 | C29: 0.021949111 | D29: 0.011674742 | E29: 0.017915268 | F29: -0.0032286041 | G29: -0.0021300429 | H29: -0.010341532 | I29: 0.062923229 | J29: -0.0027189614 | K29: 0.014258521 | L29: 0.019115597 | M29: 0.011267776
A33: Global min | B33: =MIN(B2:N29) -> -0.05388821
A34: Global Max | B34: =MAX(B2:N29) -> 0.10420563

Sheet normalized
B1: 2014 | C1: 2015 | D1: 2016 | E1: 2017 | F1: 2018 | G1: 2019 | H1: 2020 | I1: 2021 | J1: 2022 | K1: 2023 | L1: 2024 | M1: 2025
A2: Adani Ports and Special Economic Zone Ltd | B2: =(Sheet1!B2 - Sheet1!$B$33) / (Sheet1!$B$34 - Sheet1!$B$33) -> 0.5159398 | C2: =(Sheet1!C2 - Sheet1!$B$33) / (Sheet1!$B$34 - Sheet1!$B$33) -> 0.62877266 | D2: =(Sheet1!D2 - Sheet1!$B$33) / (Sheet1!$B$34 - Sheet1!$B$33) -> 0.25468215 | E2: =(Sheet1!E2 - Sheet1!$B$33) / (Sheet1!$B$34 - Sheet1!$B$33) -> 0.52270942 | F2: =(Sheet1!F2 - Sheet1!$B$33) / (Sheet1!$B$34 - Sheet1!$B$33) -> 0.3629318 | G2: =(Sheet1!G2 - Sheet1!$B$33) / (Sheet1!$B$34 - Sheet1!$B$33) -> 0.3923539 | H2: =(Sheet1!H2 - Sheet1!$B$33) / (Sheet1!$B$34 - Sheet1!$B$33) -> 0.1635027 | I2: =(Sheet1!I2 - Sheet1!$B$33) / (Sheet1!$B$34 - Sheet1!$B$33) -> 0.95513035 | ... M2: =(Sheet1!M2 - Sheet1!$B$33) / (Sheet1!$B$34 - Sheet1!$B$33) -> 0.22454611
A3: Asian Paints Ltd | B3: =(Sheet1!B3 - Sheet1!$B$33) / (Sheet1!$B$34 - Sheet1!$B$33) -> 0.43017165 | C3: =(Sheet1!C3 - Sheet1!$B$33) / (Sheet1!$B$34 - Sheet1!$B$33) -> 0.56804955 | D3: =(Sheet1!D3 - Sheet1!$B$33) / (Sheet1!$B$34 - Sheet1!$B$33) -> 0.37744202 | E3: =(Sheet1!E3 - Sheet1!$B$33) / (Sheet1!$B$34 - Sheet1!$B$33) -> 0.45733064 | F3: =(Sheet1!F3 - Sheet1!$B$33) / (Sheet1!$B$34 - Sheet1!$B$33) -> 0.35651747 | G3: =(Sheet1!G3 - Sheet1!$B$33) / (Sheet1!$B$34 - Sheet1!$B$33) -> 0.49969069 | H3: =(Sheet1!H3 - Sheet1!$B$33) / (Sheet1!$B$34 - Sheet1!$B$33) -> 0.40316939 | I3: =(Sheet1!I3 - Sheet1!$B$33) / (Sheet1!$B$34 - Sheet1!$B$33) -> 0.56048458 | ... M3: =(Sheet1!M3 - Sheet1!$B$33) / (Sheet1!$B$34 - Sheet1!$B$33) -> 0.24276816
A4: AXIS Bank Ltd | B4: =(Sheet1!B4 - Sheet1!$B$33) / (Sheet1!$B$34 - Sheet1!$B$33) -> 0.47258302 | C4: =(Sheet1!C4 - Sheet1!$B$33) / (Sheet1!$B$34 - Sheet1!$B$33) -> 0.65873578 | D4: =(Sheet1!D4 - Sheet1!$B$33) / (Sheet1!$B$34 - Sheet1!$B$33) -> 0.22518315 | E4: =(Sheet1!E4 - Sheet1!$B$33) / (Sheet1!$B$34 - Sheet1!$B$33) -> 0.38669335 | F4: =(Sheet1!F4 - Sheet1!$B$33) / (Sheet1!$B$34 - Sheet1!$B$33) -> 0.36362574 | G4: =(Sheet1!G4 - Sheet1!$B$33) / (Sheet1!$B$34 - Sheet1!$B$33) -> 0.5783233 | H4: =(Sheet1!H4 - Sheet1!$B$33) / (Sheet1!$B$34 - Sheet1!$B$33) -> 0.064136886 | I4: =(Sheet1!I4 - Sheet1!$B$33) / (Sheet1!$B$34 - Sheet1!$B$33) -> 0.68774481 | ... M4: =(Sheet1!M4 - Sheet1!$B$33) / (Sheet1!$B$34 - Sheet1!$B$33) -> 0.3607553
A5: Bajaj Finserv Ltd | B5: =(Sheet1!B5 - Sheet1!$B$33) / (Sheet1!$B$34 - Sheet1!$B$33) -> 0.37735706 | C5: =(Sheet1!C5 - Sheet1!$B$33) / (Sheet1!$B$34 - Sheet1!$B$33) -> 0.6841082 | D5: =(Sheet1!D5 - Sheet1!$B$33) / (Sheet1!$B$34 - Sheet1!$B$33) -> 0.44399204 | E5: =(Sheet1!E5 - Sheet1!$B$33) / (Sheet1!$B$34 - Sheet1!$B$33) -> 0.81018741 | F5: =(Sheet1!F5 - Sheet1!$B$33) / (Sheet1!$B$34 - Sheet1!$B$33) -> 0.47744696 | G5: =(Sheet1!G5 - Sheet1!$B$33) / (Sheet1!$B$34 - Sheet1!$B$33) -> 0.50827642 | H5: =(Sheet1!H5 - Sheet1!$B$33) / (Sheet1!$B$34 - Sheet1!$B$33) -> 0.25466439 | I5: =(Sheet1!I5 - Sheet1!$B$33) / (Sheet1!$B$34 - Sheet1!$B$33) -> 0.81343406 | ... M5: =(Sheet1!M5 - Sheet1!$B$33) / (Sheet1!$B$34 - Sheet1!$B$33) -> 0.42479271
A6: Bajaj Finance Ltd | B6: =(Sheet1!B6 - Sheet1!$B$33) / (Sheet1!$B$34 - Sheet1!$B$33) -> 0.61352931 | C6: =(Sheet1!C6 - Sheet1!$B$33) / (Sheet1!$B$34 - Sheet1!$B$33) -> 0.73223015 | D6: =(Sheet1!D6 - Sheet1!$B$33) / (Sheet1!$B$34 - Sheet1!$B$33) -> 0.61633546 | E6: =(Sheet1!E6 - Sheet1!$B$33) / (Sheet1!$B$34 - Sheet1!$B$33) -> 0.624546 | F6: =(Sheet1!F6 - Sheet1!$B$33) / (Sheet1!$B$34 - Sheet1!$B$33) -> 0.55444357 | G6: =(Sheet1!G6 - Sheet1!$B$33) / (Sheet1!$B$34 - Sheet1!$B$33) -> 0.64242489 | H6: =(Sheet1!H6 - Sheet1!$B$33) / (Sheet1!$B$34 - Sheet1!$B$33) -> 0.31277161 | I6: =(Sheet1!I6 - Sheet1!$B$33) / (Sheet1!$B$34 - Sheet1!$B$33) -> 0.88308638 | ... M6: =(Sheet1!M6 - Sheet1!$B$33) / (Sheet1!$B$34 - Sheet1!$B$33) -> 0.44214453
A7: Bharat Electronics Ltd | B7: =(Sheet1!B7 - Sheet1!$B$33) / (Sheet1!$B$34 - Sheet1!$B$33) -> 0.37951478 | C7: =(Sheet1!C7 - Sheet1!$B$33) / (Sheet1!$B$34 - Sheet1!$B$33) -> 1 | D7: =(Sheet1!D7 - Sheet1!$B$33) / (Sheet1!$B$34 - Sheet1!$B$33) -> 0.42742087 | E7: =(Sheet1!E7 - Sheet1!$B$33) / (Sheet1!$B$34 - Sheet1!$B$33) -> 0.47805029 | F7: =(Sheet1!F7 - Sheet1!$B$33) / (Sheet1!$B$34 - Sheet1!$B$33) -> 0.31961284 | G7: =(Sheet1!G7 - Sheet1!$B$33) / (Sheet1!$B$34 - Sheet1!$B$33) -> 0.13765261 | H7: =(Sheet1!H7 - Sheet1!$B$33) / (Sheet1!$B$34 - Sheet1!$B$33) -> 0.29953873 | I7: =(Sheet1!I7 - Sheet1!$B$33) / (Sheet1!$B$34 - Sheet1!$B$33) -> 0.66639835 | ... M7: =(Sheet1!M7 - Sheet1!$B$33) / (Sheet1!$B$34 - Sheet1!$B$33) -> 0.51704909
A8: Bharti Airtel Ltd | B8: =(Sheet1!B8 - Sheet1!$B$33) / (Sheet1!$B$34 - Sheet1!$B$33) -> 0.42626375 | C8: =(Sheet1!C8 - Sheet1!$B$33) / (Sheet1!$B$34 - Sheet1!$B$33) -> 0.46732044 | D8: =(Sheet1!D8 - Sheet1!$B$33) / (Sheet1!$B$34 - Sheet1!$B$33) -> 0.32259673 | E8: =(Sheet1!E8 - Sheet1!$B$33) / (Sheet1!$B$34 - Sheet1!$B$33) -> 0.35913189 | F8: =(Sheet1!F8 - Sheet1!$B$33) / (Sheet1!$B$34 - Sheet1!$B$33) -> 0.41881811 | G8: =(Sheet1!G8 - Sheet1!$B$33) / (Sheet1!$B$34 - Sheet1!$B$33) -> 0.24557914 | H8: =(Sheet1!H8 - Sheet1!$B$33) / (Sheet1!$B$34 - Sheet1!$B$33) -> 0.52422141 | I8: =(Sheet1!I8 - Sheet1!$B$33) / (Sheet1!$B$34 - Sheet1!$B$33) -> 0.42151881 | ... M8: =(Sheet1!M8 - Sheet1!$B$33) / (Sheet1!$B$34 - Sheet1!$B$33) -> 0.50976599
A9: HCL Technologies Ltd | B9: =(Sheet1!B9 - Sheet1!$B$33) / (Sheet1!$B$34 - Sheet1!$B$33) -> 0.66850079 | C9: =(Sheet1!C9 - Sheet1!$B$33) / (Sheet1!$B$34 - Sheet1!$B$33) -> 0.51968378 | D9: =(Sheet1!D9 - Sheet1!$B$33) / (Sheet1!$B$34 - Sheet1!$B$33) -> 0.37187103 | E9: =(Sheet1!E9 - Sheet1!$B$33) / (Sheet1!$B$34 - Sheet1!$B$33) -> 0.38018356 | F9: =(Sheet1!F9 - Sheet1!$B$33) / (Sheet1!$B$34 - Sheet1!$B$33) -> 0.40805007 | G9: =(Sheet1!G9 - Sheet1!$B$33) / (Sheet1!$B$34 - Sheet1!$B$33) -> 0.40992661 | H9: =(Sheet1!H9 - Sheet1!$B$33) / (Sheet1!$B$34 - Sheet1!$B$33) -> 0.23917078 | I9: =(Sheet1!I9 - Sheet1!$B$33) / (Sheet1!$B$34 - Sheet1!$B$33) -> 0.82006558 | ... M9: =(Sheet1!M9 - Sheet1!$B$33) / (Sheet1!$B$34 - Sheet1!$B$33) -> 0.37843626
A10: HDFC Bank Ltd | B10: =(Sheet1!B10 - Sheet1!$B$33) / (Sheet1!$B$34 - Sheet1!$B$33) -> 0.44428083 | C10: =(Sheet1!C10 - Sheet1!$B$33) / (Sheet1!$B$34 - Sheet1!$B$33) -> 0.51139785 | D10: =(Sheet1!D10 - Sheet1!$B$33) / (Sheet1!$B$34 - Sheet1!$B$33) -> 0.37341567 | E10: =(Sheet1!E10 - Sheet1!$B$33) / (Sheet1!$B$34 - Sheet1!$B$33) -> 0.5027371 | F10: =(Sheet1!F10 - Sheet1!$B$33) / (Sheet1!$B$34 - Sheet1!$B$33) -> 0.48703656 | G10: =(Sheet1!G10 - Sheet1!$B$33) / (Sheet1!$B$34 - Sheet1!$B$33) -> 0.45424867 | H10: =(Sheet1!H10 - Sheet1!$B$33) / (Sheet1!$B$34 - Sheet1!$B$33) -> 0.21714874 | I10: =(Sheet1!I10 - Sheet1!$B$33) / (Sheet1!$B$34 - Sheet1!$B$33) -> 0.63458037 | ... M10: =(Sheet1!M10 - Sheet1!$B$33) / (Sheet1!$B$34 - Sheet1!$B$33) -> 0.44270758
A11: Hindustan Unilever Ltd | B11: =(Sheet1!B11 - Sheet1!$B$33) / (Sheet1!$B$34 - Sheet1!$B$33) -> 0.5156019 | C11: =(Sheet1!C11 - Sheet1!$B$33) / (Sheet1!$B$34 - Sheet1!$B$33) -> 0.55263242 | D11: =(Sheet1!D11 - Sheet1!$B$33) / (Sheet1!$B$34 - Sheet1!$B$33) -> 0.35400732 | E11: =(Sheet1!E11 - Sheet1!$B$33) / (Sheet1!$B$34 - Sheet1!$B$33) -> 0.36213066 | F11: =(Sheet1!F11 - Sheet1!$B$33) / (Sheet1!$B$34 - Sheet1!$B$33) -> 0.54963475 | G11: =(Sheet1!G11 - Sheet1!$B$33) / (Sheet1!$B$34 - Sheet1!$B$33) -> 0.47865371 | H11: =(Sheet1!H11 - Sheet1!$B$33) / (Sheet1!$B$34 - Sheet1!$B$33) -> 0.49984046 | I11: =(Sheet1!I11 - Sheet1!$B$33) / (Sheet1!$B$34 - Sheet1!$B$33) -> 0.38141141 | ... M11: =(Sheet1!M11 - Sheet1!$B$33) / (Sheet1!$B$34 - Sheet1!$B$33) -> 0.35442307
A12: ICICI Bank Ltd | B12: =(Sheet1!B12 - Sheet1!$B$33) / (Sheet1!$B$34 - Sheet1!$B$33) -> 0.47455169 | C12: =(Sheet1!C12 - Sheet1!$B$33) / (Sheet1!$B$34 - Sheet1!$B$33) -> 0.46913564 | D12: =(Sheet1!D12 - Sheet1!$B$33) / (Sheet1!$B$34 - Sheet1!$B$33) -> 0.20868815 | E12: =(Sheet1!E12 - Sheet1!$B$33) / (Sheet1!$B$34 - Sheet1!$B$33) -> 0.47559294 | F12: =(Sheet1!F12 - Sheet1!$B$33) / (Sheet1!$B$34 - Sheet1!$B$33) -> 0.40020826 | G12: =(Sheet1!G12 - Sheet1!$B$33) / (Sheet1!$B$34 - Sheet1!$B$33) -> 0.54270695 | H12: =(Sheet1!H12 - Sheet1!$B$33) / (Sheet1!$B$34 - Sheet1!$B$33) -> 0.28957207 | I12: =(Sheet1!I12 - Sheet1!$B$33) / (Sheet1!$B$34 - Sheet1!$B$33) -> 0.63538839 | ... M12: =(Sheet1!M12 - Sheet1!$B$33) / (Sheet1!$B$34 - Sheet1!$B$33) -> 0.43766696
A13: Infosys Ltd | B13: =(Sheet1!B13 - Sheet1!$B$33) / (Sheet1!$B$34 - Sheet1!$B$33) -> 0.43655215 | C13: =(Sheet1!C13 - Sheet1!$B$33) / (Sheet1!$B$34 - Sheet1!$B$33) -> 0.51424363 | D13: =(Sheet1!D13 - Sheet1!$B$33) / (Sheet1!$B$34 - Sheet1!$B$33) -> 0.4071353 | E13: =(Sheet1!E13 - Sheet1!$B$33) / (Sheet1!$B$34 - Sheet1!$B$33) -> 0.26526825 | F13: =(Sheet1!F13 - Sheet1!$B$33) / (Sheet1!$B$34 - Sheet1!$B$33) -> 0.40617255 | G13: =(Sheet1!G13 - Sheet1!$B$33) / (Sheet1!$B$34 - Sheet1!$B$33) -> 0.48772189 | H13: =(Sheet1!H13 - Sheet1!$B$33) / (Sheet1!$B$34 - Sheet1!$B$33) -> 0.28449857 | I13: =(Sheet1!I13 - Sheet1!$B$33) / (Sheet1!$B$34 - Sheet1!$B$33) -> 0.79017608 | ... M13: =(Sheet1!M13 - Sheet1!$B$33) / (Sheet1!$B$34 - Sheet1!$B$33) -> 0.38635153
... A29: UltraTech Cement Ltd | B29: =(Sheet1!B29 - Sheet1!$B$33) / (Sheet1!$B$34 - Sheet1!$B$33) -> 0.453545 | C29: =(Sheet1!C29 - Sheet1!$B$33) / (Sheet1!$B$34 - Sheet1!$B$33) -> 0.47969814 | D29: =(Sheet1!D29 - Sheet1!$B$33) / (Sheet1!$B$34 - Sheet1!$B$33) -> 0.41470909 | E29: =(Sheet1!E29 - Sheet1!$B$33) / (Sheet1!$B$34 - Sheet1!$B$33) -> 0.45418264 | F29: =(Sheet1!F29 - Sheet1!$B$33) / (Sheet1!$B$34 - Sheet1!$B$33) -> 0.3204401 | G29: =(Sheet1!G29 - Sheet1!$B$33) / (Sheet1!$B$34 - Sheet1!$B$33) -> 0.32738889 | H29: =(Sheet1!H29 - Sheet1!$B$33) / (Sheet1!$B$34 - Sheet1!$B$33) -> 0.27544829 | I29: =(Sheet1!I29 - Sheet1!$B$33) / (Sheet1!$B$34 - Sheet1!$B$33) -> 0.73887407 | ... M29: =(Sheet1!M29 - Sheet1!$B$33) / (Sheet1!$B$34 - Sheet1!$B$33) -> 0.41213488
A33: Global min | B33: =MIN(B2:N29) -> 0
A34: Global Max | B34: =MAX(B2:N29) -> 1
